{"client_meta":{"background_color":{"r":0.19888070225715637,"g":0.19888070225715637,"b":0.19888070225715637,"a":1},"thumbnail_size":{"width":400,"height":393},"render_coordinates":{"x":-255,"y":-95,"width":2711,"height":2664}},"file_name":"portfolio","developer_related_links":[]}